{
  "Ansi 5 Color" : {
    "Green Component" : 0.20944677598494424,
    "Blue Component" : 0.78820275119617222,
    "Red Component" : 0.55292274008867859
  },
  "Tags" : [

  ],
  "Ansi 12 Color" : {
    "Green Component" : 0.73635363855058222,
    "Blue Component" : 0.92505812644958496,
    "Red Component" : 0.66426340833912034
  },
  "Use Non-ASCII Font" : false,
  "Right Option Key Sends" : 0,
  "Bold Color" : {
    "Green Component" : 0.52878479993627781,
    "Blue Component" : 1,
    "Red Component" : 0.62364225449737598
  },
  "Ansi 8 Color" : {
    "Green Component" : 0.31638649813112318,
    "Blue Component" : 0.41680995813397126,
    "Red Component" : 0.34730713398453844
  },
  "Ansi 9 Color" : {
    "Green Component" : 0.4470448188243944,
    "Blue Component" : 0.6044453881588514,
    "Red Component" : 0.94261360168457031
  },
  "Ansi 7 Color" : {
    "Green Component" : 0.61992663145065308,
    "Blue Component" : 0.62902432680130005,
    "Red Component" : 0.62022954225540161
  },
  "Rows" : 30,
  "Default Bookmark" : "No",
  "Ansi 6 Color" : {
    "Green Component" : 0.86868664869736556,
    "Blue Component" : 0.92965011961722488,
    "Red Component" : 0.23077641951914332
  },
  "Cursor Guide Color" : {
    "Red Component" : 0.70213186740875244,
    "Color Space" : "sRGB",
    "Blue Component" : 1,
    "Alpha Component" : 0.25,
    "Green Component" : 0.9268307089805603
  },
  "Non-ASCII Anti Aliased" : true,
  "Use Bright Bold" : true,
  "Ansi 10 Color" : {
    "Green Component" : 0.66470968723297119,
    "Blue Component" : 0.36808588798911401,
    "Red Component" : 0.3252563603818765
  },
  "Use Cursor Guide" : false,
  "Ambiguous Double Width" : false,
  "Jobs to Ignore" : [
    "rlogin",
    "ssh",
    "slogin",
    "telnet"
  ],
  "Ansi 15 Color" : {
    "Green Component" : 0.53481197357177734,
    "Blue Component" : 0.96935170888900757,
    "Red Component" : 0.63489741086959839
  },
  "Foreground Color" : {
    "Green Component" : 0.62215218382484827,
    "Blue Component" : 0.62963516746411485,
    "Red Component" : 0.62225952897788717
  },
  "Bound Hosts" : [

  ],
  "Working Directory" : "\/Users\/nikolaia",
  "Blinking Cursor" : false,
  "Disable Window Resizing" : true,
  "Sync Title" : false,
  "Prompt Before Closing 2" : false,
  "BM Growl" : true,
  "Command" : "",
  "Description" : "Default",
  "Mouse Reporting" : true,
  "Screen" : -1,
  "Selection Color" : {
    "Green Component" : 0.24077798564594985,
    "Blue Component" : 0.44105113636363635,
    "Red Component" : 0.28554791842451294
  },
  "Columns" : 100,
  "Idle Code" : 0,
  "Ansi 13 Color" : {
    "Green Component" : 0.50666825190921194,
    "Blue Component" : 0.75935822725296021,
    "Red Component" : 0.67799086135958242
  },
  "Custom Command" : "No",
  "ASCII Anti Aliased" : true,
  "Non Ascii Font" : "Monaco 12",
  "Vertical Spacing" : 1,
  "Use Bold Font" : true,
  "Option Key Sends" : 0,
  "Selected Text Color" : {
    "Green Component" : 0.07895921915769577,
    "Blue Component" : 0.13518966734409332,
    "Red Component" : 0.089180983603000641
  },
  "Background Color" : {
    "Green Component" : 0.079643776819762438,
    "Blue Component" : 0.13841955741626799,
    "Red Component" : 0.089232454790462171
  },
  "Character Encoding" : 4,
  "Ansi 11 Color" : {
    "Green Component" : 0.86418485641479492,
    "Blue Component" : 0.530735012054669,
    "Red Component" : 0.69892248826847758
  },
  "Use Italic Font" : true,
  "Unlimited Scrollback" : false,
  "Keyboard Map" : {
    "0xf700-0x260000" : {
      "Text" : "[1;6A",
      "Action" : 10
    },
    "0x37-0x40000" : {
      "Text" : "0x1f",
      "Action" : 11
    },
    "0x32-0x40000" : {
      "Text" : "0x00",
      "Action" : 11
    },
    "0xf709-0x20000" : {
      "Text" : "[17;2~",
      "Action" : 10
    },
    "0xf70c-0x20000" : {
      "Text" : "[20;2~",
      "Action" : 10
    },
    "0xf729-0x20000" : {
      "Text" : "[1;2H",
      "Action" : 10
    },
    "0xf72b-0x40000" : {
      "Text" : "[1;5F",
      "Action" : 10
    },
    "0xf705-0x20000" : {
      "Text" : "[1;2Q",
      "Action" : 10
    },
    "0xf703-0x260000" : {
      "Text" : "[1;6C",
      "Action" : 10
    },
    "0xf700-0x220000" : {
      "Text" : "[1;2A",
      "Action" : 10
    },
    "0xf701-0x280000" : {
      "Text" : "0x1b 0x1b 0x5b 0x42",
      "Action" : 11
    },
    "0x38-0x40000" : {
      "Text" : "0x7f",
      "Action" : 11
    },
    "0x33-0x40000" : {
      "Text" : "0x1b",
      "Action" : 11
    },
    "0xf703-0x220000" : {
      "Text" : "[1;2C",
      "Action" : 10
    },
    "0xf701-0x240000" : {
      "Text" : "[1;5B",
      "Action" : 10
    },
    "0xf70d-0x20000" : {
      "Text" : "[21;2~",
      "Action" : 10
    },
    "0xf702-0x260000" : {
      "Text" : "[1;6D",
      "Action" : 10
    },
    "0xf729-0x40000" : {
      "Text" : "[1;5H",
      "Action" : 10
    },
    "0xf706-0x20000" : {
      "Text" : "[1;2R",
      "Action" : 10
    },
    "0x34-0x40000" : {
      "Text" : "0x1c",
      "Action" : 11
    },
    "0xf700-0x280000" : {
      "Text" : "0x1b 0x1b 0x5b 0x41",
      "Action" : 11
    },
    "0x2d-0x40000" : {
      "Text" : "0x1f",
      "Action" : 11
    },
    "0xf70e-0x20000" : {
      "Text" : "[23;2~",
      "Action" : 10
    },
    "0xf702-0x220000" : {
      "Text" : "[1;2D",
      "Action" : 10
    },
    "0xf703-0x280000" : {
      "Text" : "0x1b 0x1b 0x5b 0x43",
      "Action" : 11
    },
    "0xf700-0x240000" : {
      "Text" : "[1;5A",
      "Action" : 10
    },
    "0xf707-0x20000" : {
      "Text" : "[1;2S",
      "Action" : 10
    },
    "0xf70a-0x20000" : {
      "Text" : "[18;2~",
      "Action" : 10
    },
    "0x35-0x40000" : {
      "Text" : "0x1d",
      "Action" : 11
    },
    "0xf70f-0x20000" : {
      "Text" : "[24;2~",
      "Action" : 10
    },
    "0xf703-0x240000" : {
      "Text" : "[1;5C",
      "Action" : 10
    },
    "0xf701-0x260000" : {
      "Text" : "[1;6B",
      "Action" : 10
    },
    "0xf702-0x280000" : {
      "Text" : "0x1b 0x1b 0x5b 0x44",
      "Action" : 11
    },
    "0xf72b-0x20000" : {
      "Text" : "[1;2F",
      "Action" : 10
    },
    "0x36-0x40000" : {
      "Text" : "0x1e",
      "Action" : 11
    },
    "0xf708-0x20000" : {
      "Text" : "[15;2~",
      "Action" : 10
    },
    "0xf701-0x220000" : {
      "Text" : "[1;2B",
      "Action" : 10
    },
    "0xf70b-0x20000" : {
      "Text" : "[19;2~",
      "Action" : 10
    },
    "0xf702-0x240000" : {
      "Text" : "[1;5D",
      "Action" : 10
    },
    "0xf704-0x20000" : {
      "Text" : "[1;2P",
      "Action" : 10
    }
  },
  "Window Type" : 0,
  "Background Image Location" : "",
  "Blur" : false,
  "Badge Color" : {
    "Red Component" : 1,
    "Color Space" : "sRGB",
    "Blue Component" : 0,
    "Alpha Component" : 0.5,
    "Green Component" : 0.1491314172744751
  },
  "Scrollback Lines" : 50000,
  "Send Code When Idle" : false,
  "Close Sessions On End" : true,
  "Terminal Type" : "xterm-256color",
  "Visual Bell" : true,
  "Flashing Bell" : false,
  "Silence Bell" : false,
  "Ansi 14 Color" : {
    "Green Component" : 0.89067149809991031,
    "Blue Component" : 0.92057973146438599,
    "Red Component" : 0.61408545775177514
  },
  "ASCII Ligatures" : true,
  "Name" : "Nikolai",
  "Cursor Text Color" : {
    "Green Component" : 0.07895921915769577,
    "Blue Component" : 0.13518966734409332,
    "Red Component" : 0.089180983603000641
  },
  "Shortcut" : "",
  "Cursor Color" : {
    "Green Component" : 0.53481197357177734,
    "Blue Component" : 0.96935170888900757,
    "Red Component" : 0.63489741086959839
  },
  "Ansi 0 Color" : {
    "Green Component" : 0.15865734537749271,
    "Blue Component" : 0.24704694976076558,
    "Red Component" : 0.17672798441674642
  },
  "Guid" : "B0BDEA23-43ED-4582-94E4-915BE6E234C0",
  "Custom Directory" : "No",
  "Link Color" : {
    "Red Component" : 0,
    "Color Space" : "sRGB",
    "Blue Component" : 0.73423302173614502,